千代田区,https://tenki.jp/forecast/3/16/4410/13101/
中央区,https://tenki.jp/forecast/3/16/4410/13102/
港区,https://tenki.jp/forecast/3/16/4410/13103/
新宿区,https://tenki.jp/forecast/3/16/4410/13104/
文京区,https://tenki.jp/forecast/3/16/4410/13105/
台東区,https://tenki.jp/forecast/3/16/4410/13106/
墨田区,https://tenki.jp/forecast/3/16/4410/13107/
江東区,https://tenki.jp/forecast/3/16/4410/13108/
品川区,https://tenki.jp/forecast/3/16/4410/13109/
目黒区,https://tenki.jp/forecast/3/16/4410/13110/
大田区,https://tenki.jp/forecast/3/16/4410/13111/
世田谷区,https://tenki.jp/forecast/3/16/4410/13112/
渋谷区,https://tenki.jp/forecast/3/16/4410/13113/
中野区,https://tenki.jp/forecast/3/16/4410/13114/
杉並区,https://tenki.jp/forecast/3/16/4410/13115/
豊島区,https://tenki.jp/forecast/3/16/4410/13116/
北区,https://tenki.jp/forecast/3/16/4410/13117/
荒川区,https://tenki.jp/forecast/3/16/4410/13118/
板橋区,https://tenki.jp/forecast/3/16/4410/13119/
練馬区,https://tenki.jp/forecast/3/16/4410/13120/
足立区,https://tenki.jp/forecast/3/16/4410/13121/
葛飾区,https://tenki.jp/forecast/3/16/4410/13122/
江戸川区,https://tenki.jp/forecast/3/16/4410/13123/
八王子市,https://tenki.jp/forecast/3/16/4410/13201/
立川市,https://tenki.jp/forecast/3/16/4410/13202/
武蔵野市,https://tenki.jp/forecast/3/16/4410/13203/
三鷹市,https://tenki.jp/forecast/3/16/4410/13204/
青梅市,https://tenki.jp/forecast/3/16/4410/13205/
府中市,https://tenki.jp/forecast/3/16/4410/13206/
昭島市,https://tenki.jp/forecast/3/16/4410/13207/
調布市,https://tenki.jp/forecast/3/16/4410/13208/
町田市,https://tenki.jp/forecast/3/16/4410/13209/
小金井市,https://tenki.jp/forecast/3/16/4410/13210/
小平市,https://tenki.jp/forecast/3/16/4410/13211/
日野市,https://tenki.jp/forecast/3/16/4410/13212/
東村山市,https://tenki.jp/forecast/3/16/4410/13213/
国分寺市,https://tenki.jp/forecast/3/16/4410/13214/
国立市,https://tenki.jp/forecast/3/16/4410/13215/
福生市,https://tenki.jp/forecast/3/16/4410/13218/
狛江市,https://tenki.jp/forecast/3/16/4410/13219/
東大和市,https://tenki.jp/forecast/3/16/4410/13220/
清瀬市,https://tenki.jp/forecast/3/16/4410/13221/
東久留米市,https://tenki.jp/forecast/3/16/4410/13222/
武蔵村山市,https://tenki.jp/forecast/3/16/4410/13223/
多摩市,https://tenki.jp/forecast/3/16/4410/13224/
稲城市,https://tenki.jp/forecast/3/16/4410/13225/
羽村市,https://tenki.jp/forecast/3/16/4410/13227/
あきる野市,https://tenki.jp/forecast/3/16/4410/13228/
西東京市,https://tenki.jp/forecast/3/16/4410/13229/
瑞穂町,https://tenki.jp/forecast/3/16/4410/13303/
日の出町,https://tenki.jp/forecast/3/16/4410/13305/
檜原村,https://tenki.jp/forecast/3/16/4410/13307/
奥多摩町,https://tenki.jp/forecast/3/16/4410/13308/
大島町,https://tenki.jp/forecast/3/16/4420/13361/
利島村,https://tenki.jp/forecast/3/16/4420/13362/
新島村,https://tenki.jp/forecast/3/16/4420/13363/
神津島村,https://tenki.jp/forecast/3/16/4420/13364/
三宅村,https://tenki.jp/forecast/3/16/4430/13381/
御蔵島村,https://tenki.jp/forecast/3/16/4430/13382/
八丈町,https://tenki.jp/forecast/3/16/4430/13401/
青ヶ島村,https://tenki.jp/forecast/3/16/4430/13402/
小笠原村,https://tenki.jp/forecast/3/16/4440/13421/
横浜市,https://tenki.jp/forecast/3/17/4610/14100/
横浜市鶴見区,https://tenki.jp/forecast/3/17/4610/14101/
横浜市神奈川区,https://tenki.jp/forecast/3/17/4610/14102/
横浜市西区,https://tenki.jp/forecast/3/17/4610/14103/
横浜市中区,https://tenki.jp/forecast/3/17/4610/14104/
横浜市南区,https://tenki.jp/forecast/3/17/4610/14105/
横浜市保土ヶ谷区,https://tenki.jp/forecast/3/17/4610/14106/
横浜市磯子区,https://tenki.jp/forecast/3/17/4610/14107/
横浜市金沢区,https://tenki.jp/forecast/3/17/4610/14108/
横浜市港北区,https://tenki.jp/forecast/3/17/4610/14109/
横浜市戸塚区,https://tenki.jp/forecast/3/17/4610/14110/
横浜市港南区,https://tenki.jp/forecast/3/17/4610/14111/
横浜市旭区,https://tenki.jp/forecast/3/17/4610/14112/
横浜市緑区,https://tenki.jp/forecast/3/17/4610/14113/
横浜市瀬谷区,https://tenki.jp/forecast/3/17/4610/14114/
横浜市栄区,https://tenki.jp/forecast/3/17/4610/14115/
横浜市泉区,https://tenki.jp/forecast/3/17/4610/14116/
横浜市青葉区,https://tenki.jp/forecast/3/17/4610/14117/
横浜市都筑区,https://tenki.jp/forecast/3/17/4610/14118/
川崎市,https://tenki.jp/forecast/3/17/4610/14130/
川崎市川崎区,https://tenki.jp/forecast/3/17/4610/14131/
川崎市幸区,https://tenki.jp/forecast/3/17/4610/14132/
川崎市中原区,https://tenki.jp/forecast/3/17/4610/14133/
川崎市高津区,https://tenki.jp/forecast/3/17/4610/14134/
川崎市多摩区,https://tenki.jp/forecast/3/17/4610/14135/
川崎市宮前区,https://tenki.jp/forecast/3/17/4610/14136/
川崎市麻生区,https://tenki.jp/forecast/3/17/4610/14137/
横須賀市,https://tenki.jp/forecast/3/17/4610/14201/
平塚市,https://tenki.jp/forecast/3/17/4610/14203/
鎌倉市,https://tenki.jp/forecast/3/17/4610/14204/
藤沢市,https://tenki.jp/forecast/3/17/4610/14205/
茅ヶ崎市,https://tenki.jp/forecast/3/17/4610/14207/
逗子市,https://tenki.jp/forecast/3/17/4610/14208/
三浦市,https://tenki.jp/forecast/3/17/4610/14210/
大和市,https://tenki.jp/forecast/3/17/4610/14213/
海老名市,https://tenki.jp/forecast/3/17/4610/14215/
座間市,https://tenki.jp/forecast/3/17/4610/14216/
綾瀬市,https://tenki.jp/forecast/3/17/4610/14218/
葉山町,https://tenki.jp/forecast/3/17/4610/14301/
寒川町,https://tenki.jp/forecast/3/17/4610/14321/
大磯町,https://tenki.jp/forecast/3/17/4610/14341/
二宮町,https://tenki.jp/forecast/3/17/4610/14342/
相模原市,https://tenki.jp/forecast/3/17/4620/14150/
相模原市緑区,https://tenki.jp/forecast/3/17/4620/14151/
相模原市中央区,https://tenki.jp/forecast/3/17/4620/14152/
相模原市南区,https://tenki.jp/forecast/3/17/4620/14153/
小田原市,https://tenki.jp/forecast/3/17/4620/14206/
秦野市,https://tenki.jp/forecast/3/17/4620/14211/
厚木市,https://tenki.jp/forecast/3/17/4620/14212/
伊勢原市,https://tenki.jp/forecast/3/17/4620/14214/
南足柄市,https://tenki.jp/forecast/3/17/4620/14217/
中井町,https://tenki.jp/forecast/3/17/4620/14361/
大井町,https://tenki.jp/forecast/3/17/4620/14362/
松田町,https://tenki.jp/forecast/3/17/4620/14363/
山北町,https://tenki.jp/forecast/3/17/4620/14364/
開成町,https://tenki.jp/forecast/3/17/4620/14366/
箱根町,https://tenki.jp/forecast/3/17/4620/14382/
真鶴町,https://tenki.jp/forecast/3/17/4620/14383/
湯河原町,https://tenki.jp/forecast/3/17/4620/14384/
愛川町,https://tenki.jp/forecast/3/17/4620/14401/
清川村,https://tenki.jp/forecast/3/17/4620/14402/
千葉市,https://tenki.jp/forecast/3/15/4510/12100/
千葉市中央区,https://tenki.jp/forecast/3/15/4510/12101/
千葉市花見川区,https://tenki.jp/forecast/3/15/4510/12102/
千葉市稲毛区,https://tenki.jp/forecast/3/15/4510/12103/
千葉市若葉区,https://tenki.jp/forecast/3/15/4510/12104/
千葉市緑区,https://tenki.jp/forecast/3/15/4510/12105/
千葉市美浜区,https://tenki.jp/forecast/3/15/4510/12106/
市川市,https://tenki.jp/forecast/3/15/4510/12203/
船橋市,https://tenki.jp/forecast/3/15/4510/12204/
松戸市,https://tenki.jp/forecast/3/15/4510/12207/
野田市,https://tenki.jp/forecast/3/15/4510/12208/
成田市,https://tenki.jp/forecast/3/15/4510/12211/
佐倉市,https://tenki.jp/forecast/3/15/4510/12212/
習志野市,https://tenki.jp/forecast/3/15/4510/12216/
柏市,https://tenki.jp/forecast/3/15/4510/12217/
市原市,https://tenki.jp/forecast/3/15/4510/12219/
流山市,https://tenki.jp/forecast/3/15/4510/12220/
八千代市,https://tenki.jp/forecast/3/15/4510/12221/
我孫子市,https://tenki.jp/forecast/3/15/4510/12222/
鎌ヶ谷市,https://tenki.jp/forecast/3/15/4510/12224/
浦安市,https://tenki.jp/forecast/3/15/4510/12227/
四街道市,https://tenki.jp/forecast/3/15/4510/12228/
八街市,https://tenki.jp/forecast/3/15/4510/12230/
印西市,https://tenki.jp/forecast/3/15/4510/12231/
白井市,https://tenki.jp/forecast/3/15/4510/12232/
富里市,https://tenki.jp/forecast/3/15/4510/12233/
酒々井町,https://tenki.jp/forecast/3/15/4510/12322/
栄町,https://tenki.jp/forecast/3/15/4510/12329/
銚子市,https://tenki.jp/forecast/3/15/4520/12202/
茂原市,https://tenki.jp/forecast/3/15/4520/12210/
東金市,https://tenki.jp/forecast/3/15/4520/12213/
旭市,https://tenki.jp/forecast/3/15/4520/12215/
匝瑳市,https://tenki.jp/forecast/3/15/4520/12235/
香取市,https://tenki.jp/forecast/3/15/4520/12236/
山武市,https://tenki.jp/forecast/3/15/4520/12237/
大網白里市,https://tenki.jp/forecast/3/15/4520/12239/
神崎町,https://tenki.jp/forecast/3/15/4520/12342/
多古町,https://tenki.jp/forecast/3/15/4520/12347/
東庄町,https://tenki.jp/forecast/3/15/4520/12349/
九十九里町,https://tenki.jp/forecast/3/15/4520/12403/
芝山町,https://tenki.jp/forecast/3/15/4520/12409/
横芝光町,https://tenki.jp/forecast/3/15/4520/12410/
一宮町,https://tenki.jp/forecast/3/15/4520/12421/
睦沢町,https://tenki.jp/forecast/3/15/4520/12422/
長生村,https://tenki.jp/forecast/3/15/4520/12423/
白子町,https://tenki.jp/forecast/3/15/4520/12424/
長柄町,https://tenki.jp/forecast/3/15/4520/12426/
長南町,https://tenki.jp/forecast/3/15/4520/12427/
館山市,https://tenki.jp/forecast/3/15/4530/12205/
木更津市,https://tenki.jp/forecast/3/15/4530/12206/
勝浦市,https://tenki.jp/forecast/3/15/4530/12218/
鴨川市,https://tenki.jp/forecast/3/15/4530/12223/
君津市,https://tenki.jp/forecast/3/15/4530/12225/
富津市,https://tenki.jp/forecast/3/15/4530/12226/
袖ヶ浦市,https://tenki.jp/forecast/3/15/4530/12229/
南房総市,https://tenki.jp/forecast/3/15/4530/12234/
いすみ市,https://tenki.jp/forecast/3/15/4530/12238/
大多喜町,https://tenki.jp/forecast/3/15/4530/12441/
御宿町,https://tenki.jp/forecast/3/15/4530/12443/
鋸南町,https://tenki.jp/forecast/3/15/4530/12463/
さいたま市,https://tenki.jp/forecast/3/14/4310/11100/
さいたま市西区,https://tenki.jp/forecast/3/14/4310/11101/
さいたま市北区,https://tenki.jp/forecast/3/14/4310/11102/
さいたま市大宮区,https://tenki.jp/forecast/3/14/4310/11103/
さいたま市見沼区,https://tenki.jp/forecast/3/14/4310/11104/
さいたま市中央区,https://tenki.jp/forecast/3/14/4310/11105/
さいたま市桜区,https://tenki.jp/forecast/3/14/4310/11106/
さいたま市浦和区,https://tenki.jp/forecast/3/14/4310/11107/
さいたま市南区,https://tenki.jp/forecast/3/14/4310/11108/
さいたま市緑区,https://tenki.jp/forecast/3/14/4310/11109/
さいたま市岩槻区,https://tenki.jp/forecast/3/14/4310/11110/
川越市,https://tenki.jp/forecast/3/14/4310/11201/
川口市,https://tenki.jp/forecast/3/14/4310/11203/
所沢市,https://tenki.jp/forecast/3/14/4310/11208/
飯能市,https://tenki.jp/forecast/3/14/4310/11209/
春日部市,https://tenki.jp/forecast/3/14/4310/11214/
狭山市,https://tenki.jp/forecast/3/14/4310/11215/
上尾市,https://tenki.jp/forecast/3/14/4310/11219/
草加市,https://tenki.jp/forecast/3/14/4310/11221/
越谷市,https://tenki.jp/forecast/3/14/4310/11222/
蕨市,https://tenki.jp/forecast/3/14/4310/11223/
戸田市,https://tenki.jp/forecast/3/14/4310/11224/
入間市,https://tenki.jp/forecast/3/14/4310/11225/
朝霞市,https://tenki.jp/forecast/3/14/4310/11227/
志木市,https://tenki.jp/forecast/3/14/4310/11228/
和光市,https://tenki.jp/forecast/3/14/4310/11229/
新座市,https://tenki.jp/forecast/3/14/4310/11230/
桶川市,https://tenki.jp/forecast/3/14/4310/11231/
北本市,https://tenki.jp/forecast/3/14/4310/11233/
八潮市,https://tenki.jp/forecast/3/14/4310/11234/
富士見市,https://tenki.jp/forecast/3/14/4310/11235/
三郷市,https://tenki.jp/forecast/3/14/4310/11237/
蓮田市,https://tenki.jp/forecast/3/14/4310/11238/
坂戸市,https://tenki.jp/forecast/3/14/4310/11239/
幸手市,https://tenki.jp/forecast/3/14/4310/11240/
鶴ヶ島市,https://tenki.jp/forecast/3/14/4310/11241/
日高市,https://tenki.jp/forecast/3/14/4310/11242/
吉川市,https://tenki.jp/forecast/3/14/4310/11243/
ふじみ野市,https://tenki.jp/forecast/3/14/4310/11245/
白岡市,https://tenki.jp/forecast/3/14/4310/11246/
伊奈町,https://tenki.jp/forecast/3/14/4310/11301/
三芳町,https://tenki.jp/forecast/3/14/4310/11324/
毛呂山町,https://tenki.jp/forecast/3/14/4310/11326/
越生町,https://tenki.jp/forecast/3/14/4310/11327/
川島町,https://tenki.jp/forecast/3/14/4310/11346/
宮代町,https://tenki.jp/forecast/3/14/4310/11442/
杉戸町,https://tenki.jp/forecast/3/14/4310/11464/
松伏町,https://tenki.jp/forecast/3/14/4310/11465/
熊谷市,https://tenki.jp/forecast/3/14/4320/11202/
行田市,https://tenki.jp/forecast/3/14/4320/11206/
加須市,https://tenki.jp/forecast/3/14/4320/11210/
本庄市,https://tenki.jp/forecast/3/14/4320/11211/
東松山市,https://tenki.jp/forecast/3/14/4320/11212/
羽生市,https://tenki.jp/forecast/3/14/4320/11216/
鴻巣市,https://tenki.jp/forecast/3/14/4320/11217/
深谷市,https://tenki.jp/forecast/3/14/4320/11218/
久喜市,https://tenki.jp/forecast/3/14/4320/11232/
滑川町,https://tenki.jp/forecast/3/14/4320/11341/
嵐山町,https://tenki.jp/forecast/3/14/4320/11342/
小川町,https://tenki.jp/forecast/3/14/4320/11343/
吉見町,https://tenki.jp/forecast/3/14/4320/11347/
鳩山町,https://tenki.jp/forecast/3/14/4320/11348/
ときがわ町,https://tenki.jp/forecast/3/14/4320/11349/
東秩父村,https://tenki.jp/forecast/3/14/4320/11369/
美里町,https://tenki.jp/forecast/3/14/4320/11381/
神川町,https://tenki.jp/forecast/3/14/4320/11383/
上里町,https://tenki.jp/forecast/3/14/4320/11385/
寄居町,https://tenki.jp/forecast/3/14/4320/11408/
秩父市,https://tenki.jp/forecast/3/14/4330/11207/
横瀬町,https://tenki.jp/forecast/3/14/4330/11361/
皆野町,https://tenki.jp/forecast/3/14/4330/11362/
長瀞町,https://tenki.jp/forecast/3/14/4330/11363/
小鹿野町,https://tenki.jp/forecast/3/14/4330/11365/
